"id","username","password"
"1","miakirk@hotmail.com","techlotu"
"2","jennifer74@kaufman.biz","vlad1258"
"3","miguelestrada@hotmail.com","061979"
"4","derrick95@yahoo.com","modelwindowMrfineland"
"5","jesse79@hotmail.com","nastya1996"
"6","lori85@gmail.com","mTVxsUEf"
"7","mitchell94@valentine-mitchell.org","011098"
"8","ulynn@gmail.com","B8w59kXP"
"9","rmarquez@richard.net","011098"
"10","basssandra@parker.com","011098"
"11","crystal04@jones.net","831123"
"12","imontoya@hotmail.com","vitrify"
"13","pmcdonald@brown.com","nastya1996"
"14","linda44@gmail.com","marsface"
"15","bryan39@hotmail.com","7breKctt"
"16","caitlin87@flores-ramos.com","5176"
"17","mcdonaldmark@yahoo.com","ourontosometimesholddevelopment"
"18","zcraig@gmail.com","091198"
"19","chamberssara@myers-henderson.com","MPUf9lph"
"20","schwartzsarah@gmail.com","jess25"
"21","elizabeth13@hotmail.com","xrjpqqgy"
"22","smithjulia@hotmail.com","cartwrig"
"23","kevinyoung@hill.com","8069"
"24","pchaney@branch.biz","vF2HtmQy"
"25","duranandrea@hotmail.com","vlad1258"
"26","jacquelinejohnson@maddox-hughes.org","xj1377508007"
"27","vblake@smith-hartman.com","63223"
"28","david84@hotmail.com","nornewsaftermanageexactly"
"29","jennifer03@williams.com","vovaffff"
"30","hhebert@quinn.com","yilm60"
"31","osimmons@rivera.com","ladynash"
"32","ogonzales@hotmail.com","refat"
"33","andrew30@haas.net","xrjpqqgy"
"34","rsherman@hotmail.com","DAVIDT"
"35","collinanderson@pope.com","5H5V5S6R"
"36","williamsaaron@lee.com","ducki"
"37","jamesedwards@yahoo.com","dobbel123"
"38","jesse96@gmail.com","afterevidencelittleeithereasy"
"39","estanley@yahoo.com","xaf6942"
"40","amber40@kelly.biz","wentrail"
"41","brittanydavis@miller.com","6062da"
"42","angelagregory@rodriguez.com","r7MVCWAQ"
"43","cynthiabrown@white-price.info","wormgear"
"44","patriciaboyle@tucker.com","1sarah"
"45","spearsrachel@jenkins.com","rjVo0IGV"
"46","christygilbert@patrick-cortez.com","scrumpy1"
"47","jennifer20@hotmail.com","dragon100sam"
"48","swaters@adams.net","Zombieland1"
"49","jgarza@gmail.com","ZDXaL11"
"50","ryanrosario@reed-miller.org","commontravelrevealshortwater"
"51","laurie42@hotmail.com","yw42nys2cj"
"52","otaylor@torres.com","10010011"
"53","hortontroy@brown.net",".hmtdtw"
"54","carol48@hotmail.com","ANNOD"
"55","lauren58@ho.com","amelio"
"56","julie14@morales-graves.com","xrtgrn"
"57","newmanashley@gmail.com","ygoryk"
"58","hailey40@johnson.org","beebop"
"59","alicegordon@myers-kelly.biz","W53GCvUs26"
"60","amy59@gmail.com","immelstorn"
"61","victoryang@hotmail.com","QuhPnhbj"
"62","millernatasha@james.net","hawk3y3s"
"63","william14@yahoo.com","Mrscomputerprofessionalcommercialworry"
"64","foleymegan@webb.com","gomezz"
"65","colekristen@gmail.com","9383560"
"66","chadlopez@yahoo.com","amelio"
"67","jonesrobin@yahoo.com","2109319881228"
"68","juan57@donaldson.com","877878"
"69","xmann@walters.com","KVbZfzkP"
"70","higginsalex@gmail.com","yohannes"
"71","travis10@thomas.com","7OVfcsas"
"72","mary88@wood-sanchez.info","526521"
"73","darlene72@williams-allen.net","Pro100"
"74","tmorgan@yahoo.com","3rddan"
"75","dakota16@green.com","miksike"
"76","olivia21@yahoo.com","wraggy"
"77","pricejohn@shea.org","carrie02"
"78","williammorris@rogers.com","cartwrig"
"79","javier99@garcia.com","XlrBCuaD"
"80","ljackson@johnson.net","tuesDAY8"
"81","rosebarrett@jackson-henderson.net","zcqmwvb"
"82","peterproctor@ho.biz","alreadycommonbeyonddrawaffect"
"83","thorntonbecky@coffey.com","morgan99"
"84","lisa22@yahoo.com","wc7795"
"85","lambertfrank@hotmail.com","33184"
"86","kevinunderwood@zhang.com","x760ak"
"87","lloydmichael@yahoo.com","wienen44"
"88","pmccullough@hotmail.com","chanin"
"89","wrandolph@yahoo.com","gomets"
"90","stephen21@hotmail.com","xxx44652"
"91","annramos@hotmail.com","nightmare01"
"92","tracycontreras@yahoo.com","wantwhichletthatitem"
"93","sullivanluis@walker-jacobs.com","miksike"
"94","robertsjacqueline@yahoo.com","3rddan"
"95","john81@williams-guerra.com","voguee"
"96","pamelachang@hotmail.com","kotvasya"
"97","mclark@myers.com","NxTf8ipG"
"98","eshaw@peterson.biz","wertysedqa"
"99","matthewbowen@gmail.com","dhSJipE6"
"100","shepardhunter@woodward-davis.com","booggy"
